S/N ,USERNAMES ,WALLET ADRESS,
1,saqueebsb,0xf937036371dc7509002EC7717a4b91a00bcCe0f9,
2,zenobrown7,0xef2CE198B05452C634477670Be4a803f215320AE,
3,aincome96,0x470Eb6d18801028f37b0a93E618C2b51460CD8F7,
4,habzz_.,0xf15b2a6cca9c34f345d00e534b1920cf6497ce32,
5,ethxide,0x31d36D203B5D057Df7e6674494e6cfa57a66a062,
6,alfian194,0xbb54599fd5bcb34ab1f3be9a69c84f06e80663c9,
7,dannileba,0x4f90E741157a45028Aa7abC01A2B1E58E537315B,
8,mintodd12,0x1fbabbcc2c27851c6045281630b98c52ea6fe24a,
9,eidencarl,0x5cfb3fc343713e3ba6baa5246dbe863f41aa9c0b,
10,cryptonoid1,0xcB6336Fd4034D1811022dE67d295803B27918455,
11,malice1411431,0xc41b31b24394424b3Da824452B9B077fF2C00462,
12,nizalrepakrisna,0xeb4cb5eded54b94312e282687444c8320c0d118c,
13,serokfandi,0x3E83AeCaa0d05861264Bb0600179D8FACCe4C27b,
14,dedensarief93,0xcC95a96c4CA4AD9f855Af55d5348225863612B99,
15,adigsiagg,0x4F9a99EA74E82fC6653833870B3Fd62f30d6995B,
16,mochi774,0xBFf4083d3D750881f8c4b080023773e7264cd396,
17,ferdsa0110,0x2C61500692E4F9D6f278C7EbaB9fD2f6F261FC8A,
18,heromine13,0x712593a5faF387e3c3dC8Df688B302aa6b598cFa,
19,0xcuan06,0xe0e00faCf78b0326A81f9a05B6B84f8282aB9695,
20,ratnamous,0xad3ee1b0a63e3442571e0a3fb47200c81fee2bf0,
21,_brian03,0x62Dca3D13B4906c51B89D4AAe3B1606430ad0294,
22,mamet7774,0x892Ac01100cA2b45C5eAcf920458686369f91e26,
23,mdahsanulahmedanam,0xB08E463A728ED03FA7ce93D43a99B8EFC1614294,
24,rick031201,0x764b43bc8046336B263c6aC91052DdfD5c809CfB,
25,erwin_2011,0x4F3Ed0e6634dB22a2069155C7ad0E627fccda498,
26,josepbenjamiin,0x305b8fB031d112410771902fB8c111edfe8d05A8,
27,waungjon,0x45fda3d5656cb9b3907186103f31f20d1782d703,
28,boed0960,0x4449cd77e70b68af31d79f28a6ca5f795bd998c5,
29,heavense3nt,0x41033a7459ceaab4ad2d74bb265dc49e73eef7f7,
30,albertjabal,0xbab599d7eb0442e60287bcf51c9e799994976181,
31,sndjya1145,0xc8b1e8554ff400236098a03471e7d341121ffdd7,
32,irfanfadhilah21,0x838a82f8865ad0862a8599e245bd1971b99b96c6,
33,candra2504,0xa4CD27D139A644d2A46144A91f15E2042bcBe630,
34,zackstick5,0xb8e403b70364Ee0d61572CC66703fcfb88067619,
35,hendijnd,0xad705fcb731e4b99e57fb89af9f857f34bf1fb42,
36,0xgacha,0xBCd86c48C3171B64f280812C485A936D705bD95d,
37,abirafithriani,0xA00e8c1d04775a5D84B230510D09b4Cc66541b70,
38,viiacantika661,0x19eADDca8e4e2958b0e6206Ea7498Dc9593e03CC,
39,ezcladoz378,0x01521f06c55526a7fff11236b9a4ea65986bc1b3,
40,samzsz,0xE782b534e2B471bD94c731DFA0d30c60ba8a81Cd,
41,khudori107,0x3607180f2faf8ff42e1b84695b49ce50a8e16718,
42,rissszzz,0x30e3A584389b784b7fBBF7f9C3Ab681A985F790e,
43,fiversup_drop,0x3E01e64Ad841Aab3c05c05a70E6a0D0a875adDb8,
44,masyitno,0xd61e5C0ff59ee2A9DC6D705DCF92455EAA632899,
45,aqucui,0xba127934c6Be2eb94B503723aaE886FA6518AEDB,
46,rom_geli,0x63Babb7ae2d8a778bc09730cE9236c36e2A2C88F,
47,iwanss40jt_31795,0xde3387E9E9d407549c3b5483c70E6B2671Fa5763,
48,timferriss,0xBde4aa4Dd5d3D54c6189BaC2433bC11698E500Ea,
49,ghazamdrl22,0xd871c56d18816b66dac6e94ff37c1ffd12d76518,
50,respitu,0xA98Aa31877DAe3592DEc09a8643ccE52DFebD8A6,
51,udinkuntull,0x8ab0824aC1aF9f9d7580fBbc467D99A3D993D6c2,
52,jabrik0218,0xe497e19beb99d8382a8fc3d73e46e7eb4c0611c3,
53,naraa0608,0xCd962f3DbB52393bc6dc68e76E0462E80392BddF,
54,lesdew.,0xd826053ea96E7102331b768711CB6516D0333075,
55,fijey6955,0x10dbd9bfffe845045b578b78ee3f94148169ac4c,
56,anik930617,0xe3c6b5fFC98D7795402e7391bFfc643AE1a5bB35,
57,pakincung64,0x5C2c044208F7d2b09187027C972c0f4C0BE36049,
58,dropzdao,0x09f1AC2a83d9dAF0Fe48286220cB762367031800,
59,indahper_,0x468d4262b151b3b41DA85583A4e54D602034C0B9,
60,shiyraa,0xCe34D874679380C51cA3F2a5B0a1CdBbA87dFBe4,
61,pakincung_01183,0xE7F71dF62029E0b3C661da2c86F2C1CD8F98d78e,
62,arrykurniawan,0x3D5b57D359499198dce1c6D5539537d6eAEC00Ad,
63,agusg05,0x2af8df6d731e3b7b7c3270526a80fb0da06b080f,
64,mangminn,0xC09A0fACc59b5ca0bc3a8ecE06Df709EfedB777f,
65,endah_srimaryani_27450,0x892514Fc480329Ad107bBAC6457Ea299480eA337,
66,syahril9829,0x2bfa461eE2f2aD128aca346BcBC2648FEb6B1819,
67,falah_12_94484,0x9F726580123bC0296038bbFDCe7B1AFda0A7d727,
68,ken21216923,0x5300890e712E98B4F4EC178DF35Ca73fb9bf8070,
69,naylajp,0xa7d5ddd3c0025E49c8c98619FcC8ebf33469F4B2,
70,aryajulian4641,0xB780C198d4c115EC1223f2436aF1F71B1A88170b,
71,nayaaaa0907,0x84861f1823582506B8CE13f8fcBb5ea6861dd4d5,
72,ajisyaifuddin3062,0x2293514911b543891665348a38866c527055D95C,
73,mbahyitno18,0x78C71ea41751a8cbc7E51995B81DA6912b389E9C,
74,ilhamgz07,0x7B648c6Dcea2E76F70cEdF82A26c6390A315D50d,
75,ferdiannsy_,0x7798deb0b6a0d26576ada9996afa5888a3b28b26,
76,amatboy08,0x7BfE91D6eEbC719425df59A79BDF27B0D89015bA,
77,wiild66,0xe33be990cf37ff85da565d7926a6085f92b475c7,
78,vikdin,0x7F79C0b3bcBe6D4312a9A7EfFD747E5e5d6233C2,
79,aryanto66,0x410B929B4F1B74D39d80924FDA9b807810D08089,
80,runaarizona,0xcd6d3e7f9a87961cb9cc1e2fa1ba6233b533b6c9,
81,bestoflucky,0x0940E6082264B584C5DbEdbD07164B45af62b6A5,
82,bllkzz,0x90461c1ad018bc12a87127033f4c69e916a7c185,
83,edwardnjay,0x2b5Af6F41F6BD7eFABB4Aa6Dd8af579eFA17F090,
84,giriyuka,0x826ef2fa96A3D4DD2306084d3555c9EF25303a8e,
85,joni1729,0x80C2462e40056f60Bf5801BC8364DB13534BbF0C,
86,cryptoreceh,0x18e8432a516755777C95E5AABD2eC0A7E942f885,
87,tabahkurnia,0x816a1348c00645a859b7f65382cff0e9f1f82103,
88,billkubill,0x69a6154eAa74669074382575C0946A935959E4AD,
89,han1140.,0x60A16E11239B860Fda4B5aD8abe3C5D202Fa2b5E,
90,tlcjef,0x1a7a303b02d2dcedca0dd1773377c6b5c920da17,
91,gustian2,0x585ce5373ede5d93279b20ef3419483cd2f30cbd,
92,abghansifluxx,0x28837B0F0007B148aeC5057de1192330790A0d42,
93,agusmp_,0x94bc2b04ee113fe47090071482cc10f88ff58fe9,
94,wahyu129,0x963858FA3cDCE52140592aB520473f12cBD5e34a,
95,jubata86,0x3A4dC93661069629c3010DF6C9aeB1bE289482E8,
96,yogiz79,0x8712b8dc5bd3a05ff58bD693af0D5851763bFa4b,
97,arfadly,0x703479f276A27262587539A1dDEB62665d9cbdbD,
98,anifikbah,0x7E3b8A198F30a347a59c3eC3e6e6Cba48EaCed6D,
99,bskncy1,0xA70ACb9516bfDA981833c5bD3fB99f55c581063C,
100,robbifirmansyah007,0xfED9a483565013F9495bf30857376B1C848E8dD4,
101,aldzyy,0xEb81f67a41e9AaA348f4eBB48496De186B2845ae,
102,wahyusangelang,0x38d3d05FfE36604b5c6ca020205FEB04D091d1d3,
103,hilmangigs7,0xA1D22FBf102585592cb29231f239179dcCC3A2B2,
104,isna18,0xc95c252f0a3680c57b96ec45abdff654f08d9677,
105,gumindra,0xa202569f6028A00308cE2a6713958094365FAB9a,
106,jaminea.,0xb22b42C75237cd428CA9547a424e144b8Ac86a77,
107,maldini012,0x5ca6b52d2a0631211f1d2e03c2ec0fe16735bd96,
108,edolngt,0x5eb812d2d3b4f224f865d8e6f0f15b42e9cf81ad,
109,zero12120,0x3DD34Bbc2785667f00A8853310AB4976d3FdDa4b,
110,zeen24,0x9C592942d04A1A798D1620E1f0a1c0B59508B68F,
111,donker9796,0x9d5d01a24d51a1f7e4198e6c7964fdadde85df97,
112,lutfixjaga,0x91D865AB9F3043080Df69b85D274fAF5bBB58c0f,
113,dropzdao,0x09f1AC2a83d9dAF0Fe48286220cB762367031800,
114,hanzz0632_54923,0x86E449881321Eec4d8E65ac8909123c9Ce2045A8,
115,adikuncung278015,0x1a9f927ebe5df13c659fe556788c4ef618a45354,
116,zyy9037,0x354e48961b0b72312a2319b66f7d06ce3fb6e554,
117,ultramanijo.arichain,0x57e36af40a94695c9f8436fcdf239a51cc21d3cd,
118,kintil784,0x2AF388Fc0354d086da598016b503f288cB298f5b,
119,cingsaha,0x11c65e90f30c7067ab28b337a1c453d8898c8218,
120,nabapu,0x00ecfb2cdbad80b46e8701906d53fdc0cb2fb943,
121,grit0660,0xc17e756e5a9dce50195ee3461f9bfc553a3c0613,
122,whxyuh,0xef926d64e15c9371d4ac5126495a7902863aa84e,
123,shionesemmu,0x32262e24ae43A9B82304E751F273e072650a0d67,
124,nursugianto,0x214F6F303528120312C479f7BF254f060B235994,
125,firstson_,0x6A199f2c0bC8296CBA13449641089D1A7b420202,
126,nyyky.,0x71b97ea1359503b1f6ce6603a8e4bf9a07c36f9d,
127,coreslim,0xa5c68927220D2C979EA78a2a8C6a4218e32e9748,
128,fachry711,0x57dB0a575A31E0dbCcE60cB4fd809F60BC5A214b,
129,alusbutut,0xaa55f8238871914d6Af1Ae776A2B7aafB5B3Fb41,
130,rohmanalhawasy_12441,0xdb5364330de0e576649d9ba6c87b5a5145a5395d,
131,puspita_1995,0x19bf468d030b645691b38844370857fd8649142d,
132,otoriter_,0x3681Ba14a621f7479b61D4B8a8DAbD03Ac27222C,
133,anggihari07,0x3f0F07d6fc4BBFCd4d38cBC3F3b7323E77b7bC0E,
134,asonn31_71052,0x65abbd9855276672a852c045f5e25d91892d0353,
135,dizzy830,0xc45d2D22922BCCda159F9195cbb9D702B87Bb3AD,
136,pngr486_,0x6F64F8665db6E270fA0149d0a79F56Bc5CE66e69,
137,dulkenyut31,0x3a9D48b97eE00fb6239C7D6dbD8A6670998c1108,
138,yudhaluvis,0xB980B4a37C368349FFB5d0d452a947c729216db6,
139,lly369_,0x96383d1F780D83868637517F77416F723E493d73,
140,mlnrzi_,0x125BcCc278397213e3A786E134cbCF23084A0824,
141,reynalditampan,0xcE6E7f18dF7C870b853f8ba6A875672D3307a793,
142,vasco0786,0x04017558e22e6bbf1f73f957d4a777412ccc8034,
143,belleh777,0x6e7b8388a9587f4f39c3b61491df0f4cddbf0be3,
144,keddot,0x79a08e61bc3612d736de6ce1f8db8780d6a6f947,
145,ariphdyt23_,0xb09047ba7eb202384f6ec3b6ba2ce52afcddcfba,
146,ethxide,0x31d36D203B5D057Df7e6674494e6cfa57a66a062,
147,kuxxing,0xCAc14eBD7ca0ccCB6892176181404b75e3B4F8D1,
148,cuplis1_,0xaA6453cb8767fC2B3160782BD21Fbd0B553BB0d6,
149,abbabichi12,0x41Bb54dF8DA595d0ED7f40F069FEABa6BEA04B64,
150,guillotinecut,0x94325298e1c8e9fecfe038ea5e03cbd322cad65f,
151,laizzi_,0x72cDD47e30A4aA7A0eA76B43cc91a3A7492e3137,
152,jesseabeti,0xdf025F823FE39B91B2c741dcBC859e52f162878f,
153,crypmen,0xA0E24f71b048Db3F8a8BfDb080DD79315dC82F07,
154,mdnurd,0xAfbC9Aa81A08076808944e296Cbbfc8AeC065F33,
155,limm0239,0x7e6df331a085db24d8135c5e72af470e58eb47fa,
156,rakibhossainm149,0x896eB95b2FE793Bee3E43a02330b1e53b0BFCf65,
157,wijaya0933_23021,0x1d2b6c88Fc695A5d2bED02808646AA7908bed8e8,
158,luckyfi,0x57C2Ed4Db649583dB1Ab3CA3Ac6a278e1D489596,
159,arsya_syandi,0x80157B63E51Ed88C3D757A9a21AaEe28b325fd0e,
160,adjiegakal,0xc7624c751616f2c9dac2558ca05c79e1756d8cb9,
161,hafidznurhaqiqi,0x44af2A21a99e2aa30B340B266BAA4629924718ec,
162,kurniawan650,0xEb33c96b7B7F990D55f105C1858698fB769A082c,
163,donyif,0xa8688850B7E7E7Db5081bDF2e12E425537502b02,
164,ariefr91,0x97f1ec1afacbc7d3ecb2f2e4f1c10abf2599e604,
165,dazell23,0x9d5C26f73e1195F09f4D9DC90e4a9565B9eD1994,
166,dwijrx_86005,0x81c43ddaf17c743ba3688a67ad199a194c1bc4cb,
167,dunvn7172,0x80cB8650847885B9E6aA0d0Fea1b640526480900,
168,joybraxton,0x4DEAdBE362FBE9897BEcbdb42dcA45415C438f9E,
169,araputry1,0xcc8baf699483c3cd18e593273dedcbf183b30560,
170,ajaykumar7860,0xe233e6252A9d2a00B0679aF8745B20e9Dd317D01,
171,lixlord00,0xe2C3e87a1050C307a28a96C1a803F6772f16D9Bd,
172,jeyxr97,0x7f56a72c0911987a99ebbae54550db316dd0d9ec,
173,vladimirputut,0xB6D005fC9CF94C49744fEf29FD0CDb66681Dd0E0,
174,malice1411431,0x6fA504BF38E04223CD55C82b500a234185477a53,
175,zvtea,0xc7E5D05f53E3344dbA117C75cfC652b9f2F2F699,
176,gojolius25,0x36d8d6fc811bdca0c9e9dc5843b6aa9cae81fefa,
177,alrockshow,0x2fb8E6C2a21cE57694956C24E1A244CcB6d65e6e,
178,shahidr_,0x17118F611Ba2C137A3378267dA9dEA78d92Ab7b2,
179,bautizz9,0x0dae7f25343f6c73e9bd59214088004316986bb1,
180,cryptozer24,0x6353f31fdB1c4Ec86B9730e03135eA09C0efbbDf,
181,pipitsapitri00,0x9Bd762484f73CB48A4a73394f9c38f6ca630c010,
182,sopiahusen,0x7b8C2d425B1F99Cb22799268Cd759Bd3DD379395,
183,realme7ad,0xBCAF7403C0B9868Ce2A77eb9ca47C43bd874a81F,
184,arara0262,0x7cbc4b10f6e541dd7c82c19b1c3842b74ca26b61,
185,nasliapen,0x0ad1d10d46662dc1be96ab0112a1550f1a30fa39,
186,agusmp_,0x94bc2b04ee113fe47090071482cc10f88ff58fe9,
187,syaf_solanaid,0x8fed671339b4f18baceb74365d13960795feee08,
188,mideboo,0xa487a77413e00191445e29343e7ed6afef779061,
189,kaphong040,0xb7f67f824c043723b14ab00c7795fd1f68996af8,
190,ironmangaming8,0x9b44B48057CB82F6688cD5002cc1f35e7a317F0f,
191,anisakansa,0xac94856db3c3d6e16e0e0c0459d617f20033e545,
192,bullskie.,0x8e72f7e100c1971021ddc01bbae1ee1523da675d,
193,abay19011994,0x7aa8b8f83b50f83ccf0bc55b7986188d40bc6430,
194,ndy001,0xd6c06f4b090c0ff50c51878fe36a645a90ed12c8,
195,hout4rou,0x03bcac131bd093b636a50ccb0b922dd7fc33941c,
196,yunusnugraha7055,0xe6480b5c87d9b7c4f034b5af219e020afc8d8089,
197,runaarizona,0xcd6d3e7f9a87961cb9cc1e2fa1ba6233b533b6c9,
198,choexx,0x048a220d1DA2b1C9e23Ce2fC24b72e7bc4ebAD26,
199,lami12.,0xB879E8D9bF8a446D731d491b9d640A74A0CD41D5,
200,dakeskese,0x6Cc3745945e678aCDd309D6AF9c0590BD83D59a4,
201,kitabisa008,0xfb0b7c61e057982d9e61101af99daf8ddeb6cf14,
202,raplyyy99,0x2180e070d81b627e2cc66da784d7d26d35c1d195,
203,edgerider5350,0x7b9b21a222dfd327486b74c844148b3ab5dff7ed,
204,fgapmngkas,0xa1f72d252c31b1b2e74027ded31b3c8053d84e86,
203,dikdik6320,0x478f58fC42Dd7555fC1CEB3e608f30adEf7c8D51,
206,agoyatri,0x60A79ea9dC41a3Ca33d2Af2786e15541aF16B6a4,
207,derisucke,0x1bFb81EF7C46b0657A3c588D3EA5280a127C5f96,
208,alfaiixx,0x77CB5c2E273796476201F70FED2Fa86404218fbB,
209,doadi,0xB1AAc084330b0EE12528De5E75759ad4dD58cDB5,
210,agusm_ag,0xB792473EEc319B19652B70C8f323aD964E35c6bE,
211,ngen_dli,0xbB4941b85f726D60bEa60A8fF6a931dA547b4759,
212,doinlar,0x670f38b1D78705BC3EdB19Fb264F9B0320bCaE98,
213,fikriansyahwe,0xE8214C60DA82dcA1e57BD3f11f4270d726e1EF66,
214,ri.inaya,0x1b2512FC345E3b2865a7f0D24bd8a71822D53b4c,
215,kelyramlan,0x6fb0078F3b69591b982c934050Faa223f5921220,
216,smiles6677,0xcba008020eFaf660f479f137E3FC94a26b6B94B5,
217,ukiazka,0x08b2dC6071f83a16aE8b9b61eAEC1a79d31dB40C,
218,tanimahamed112,0xb3EC6BBd19f3181a3421bFc5aF36A6cC1f0042eF,
219,0xdokter,0x1dF890adF68cb64551ca44a87D2BCF2754627800,
220,frans2511,0x8AcF0333E17B83A79638825d98793fe0C81112a7,
221,kholio_7,0x3cd6c37528c3a9c9202f010a82e8f9e11cb4d284,
222,binelkhalil_49171,0x0784154755089cdaeb6771726d10c4c0f6f4ad56,
223,amatboy08,0x7BfE91D6eEbC719425df59A79BDF27B0D89015bA,
224,sky5072,0x954E376276Fed40EA1733945A5f37057C2d016A7,
225,jesseabeti,0xdf025f823fe39b91b2c741dcbc859e52f162878f,
226,lynnwang05,0x2ec634f9acaa113848c4e1eb1137060595ea9266,
227,lchyn10,,
228,wakajiii,0xa8f0c411a57bc3a95ba631cee6b37550fb5d93ae,
229,jacckybrowk,0x8dDC398A731b222bbe372717FbFBe7e2e6FBD59a,
230,lorddsquarpentsss,0x52270126D52b898b5364bdB6B486f34E29CB2ccE,
231,yyz357,0x4895f8025553a9eb856293eda7ad57a3cd19c896,
232,vasco0786,0x04017558e22e6bbf1f73f957d4a777412ccc8034,
233,sukher17,0xc7428C6d2c79634b0AFE284d6Ae90B5b88166f68,
234,ademanayuraa,0x90f929EBc52429de331c4E0dFAAF88a466c47F4C,
235,dafrzy_,0xfdE81F48135f77458291A607e2AAe7813c13B29C,
236,windafikina,0xCF2b36DCcd37A092E40EA0369410D7DDdD91f84c,
237,yyz357,0x4895f8025553a9eb856293eda7ad57a3cd19c896,
238,garium_sulphate,0x78834aa6A93eF6F99E472E304238278E0FBf7643,
239,khudori107,0x3607180f2faf8ff42e1b84695b49ce50a8e16718,
240,hazrymauzaa,0x322308BE9463B8635734176BA4964bC75F36f9a7,
241,koreoga,0x91e3967123753d604bf69d5648031cb71262902f,
242,fgapmngkas,0xD3d84728623f3F488F9CADc10Ec8697d10C57520,
243,anifikbah,0xf97C9e9D29B772A5495680a0410adD0F11bEc50b,
244,aditiowit,0xcaa49982cbb0bd62467032a4dd463b97ca5f3ba7,
245,akuisal044,0x683b32c2f179cb898d52791f9afe63e8d2f89899,
246,firmant0365,0x22e42251788e0e972da87ebde45d009966699eed,
247,ariskurniawandi,0x8c767f6a4cb2263ba1a81af5a557b7c95bfd44da,
248,angonansatu,0x6706544cb29a7d092dc483ea37cad218e57d00e7,
249,wiild66,0xe33be990cf37ff85da565d7926a6085f92b475c7,
250,ibingss.,0x5fb5952f6ba725f415ddc32a704455dfe76188bd,
251,boniwija,0x2dc92c2948b290b126411ff710039c9e41a9d2fd,
252,dedensarief93,0xcC95a96c4CA4AD9f855Af55d5348225863612B99,
253,heriyanto5878,0x06149Cb0c1Af7e96AF7B30965a68F9C5e60d3ADE,
254,angonandua21,0xfcb61851D5ADA84affAfdD522526cF64a6d04Fe0,
255,arien0270,0x9E65F96cc90bce0c02e18282f1A452A38C283A17,
256,astrajingga0704,0x564e6f629eea52f15713c46f9a40ea44c6e964cd,
257,minz2,0x0328a9a000574015452be3f984f18b8c4176cc24,
258,saciyaa22,0x7d5da12c4100f9d1858ebdc550c81ce1d6858848,
259,fikrimursalim,0x953b4997F909aF58a152a0796e28f3e4c8a60BBC,
260,obra32,0x7AC065A7462aF18C9D181598bCd08353F06aecC9,
261,agung222860,0x0Ec4ceb1ff6Da065aD2f29fbD12b101f2FFd857E,
262,gloryd1,0xB5719772dD19d31d6D145fA72Fa1b73498a6E2C7,
263,yy150135,0x0f9f80111d3b2f1a947c610bd2bbde0bb309aac1,
264,arkanaken68,0x12f4bb05844ffc32246b6b65c3736880b1a61f12,
265,whennene,0x6E011880D58F29C2E2990551c97eDfe6491cf6ae,
266,wishakazio,0x26380b840a7e7b5d1c858174d96083016f2444cd,
267,jahidhiday,0x2bda96da734f6f6c051248754340c6ee0aeda4d3,
268,iwanstwn17,0x66ece4afc956f7191d305737460e7b88e1400ea0,
269,_azahri,0xbf92c6633847ef47bbb681381d59aee688a10236,
270,svnelven711,0x809d3b0ff776dab648865494360bc4e1290cf46b ,
271,quarantinee13,0x8278507a109ef47aa38f04f6c46447e8b4467577,
272,taurusgirl2410,0x1b751bf1459f8e28bdf0e01b0ff1a160b113f63e,
273,dedisupriadii25,0x11e006eaa83659d97756d26f4a0b5e83c5a7cf77,
274,broihsan079,0x26fd0e5e3aeebaf4b6b5b4ba45464cab889cd20f,
275,duwapuluh00,0x49bf81E069Ec05b6a2491a91Eb6064b7e8f611E4,
276,rysma2612,0xb8110c66041cc1f02e2a276dbe22363c53236d4a,
,,,
,,,
,,,
,,,
,,,
,,,
,,,
,,,
,,,
,,,
,,,
,,,
,,,
,,,
,,,
,,,
,,,
,,,
,,,
,,,
,,,
,,,
,,,
,,,
,,,
,,,
,,,
,,,
,,,
,,,
,,,
,,,
,,,
,,,
,,,
,,,
,,,
,,,
,,,
,,,
,,,
,,,
,,,
,,,
,,,
,,,
,,,
,,,
,,,
,,,
,,,
,,,
,,,
,,,
,,,
,,,
,,,
,,,
,,,
,,,
,,,
,,,
,,,
,,,
,,,
,,,
,,,
,,,
,,,
,,,
,,,
,,,
,,,
,,,
,,,
,,,
,,,
,,,
,,,
,,,
,,,
,,,
,,,
,,,
,,,
,,,
,,,
,,,
,,,
,,,
,,,
,,,
,,,
,,,
,,,
,,,
,,,
,,,
,,,
,,,
,,,
,,,
,,,
,,,
,,,
,,,
,,,
,,,
,,,
,,,
,,,
,,,
,,,
,,,
,,,
,,,
,,,
,,,
,,,
,,,
,,,
,,,
,,,
,,,
,,,
,,,
,,,
,,,
,,,
,,,
,,,
,,,
,,,
,,,
,,,
,,,
,,,
,,,
,,,
,,,
,,,
,,,
,,,
,,,
,,,
,,,
,,,
,,,
,,,
,,,
,,,
,,,
,,,
,,,
,,,
,,,
,,,
,,,
,,,
,,,
,,,
,,,
,,,
,,,
,,,
,,,
,,,
,,,
,,,
,,,
,,,
,,,
,,,
,,,
,,,
,,,
,,,
,,,
,,,
,,,
,,,
,,,
,,,
,,,
,,,
,,,
,,,
,,,
,,,
,,,
,,,
,,,
,,,
,,,
,,,
,,,
,,,
,,,
,,,
,,,
,,,
,,,
,,,
,,,
,,,
,,,
,,,
,,,
,,,
,,,
,,,
,,,
,,,
,,,
,,,
,,,
,,,
,,,
,,,
,,,
,,,
,,,
,,,
,,,
,,,
,,,
,,,
,,,
,,,
,,,
,,,
,,,
,,,
,,,
,,,
,,,
,,,
,,,
,,,
,,,
,,,
,,,
,,,
,,,
,,,
,,,
,,,
,,,
,,,
,,,
,,,
,,,
,,,
,,,
,,,
,,,
,,,
,,,
,,,
,,,
,,,
,,,
,,,
,,,
,,,
,,,
,,,
,,,
,,,
,,,
,,,
,,,
,,,
,,,
,,,
,,,
,,,
,,,
,,,
,,,
,,,
,,,
,,,
,,,
,,,
,,,
,,,
,,,
,,,
,,,
,,,
,,,
,,,
,,,
,,,
,,,
,,,
,,,
,,,
,,,
,,,
,,,
,,,
,,,
,,,
,,,
,,,
,,,
,,,
,,,
,,,
,,,
,,,
,,,
,,,
,,,
,,,
,,,
,,,
,,,
,,,
,,,
,,,
,,,
,,,
,,,
,,,
,,,
,,,
,,,
,,,
,,,
,,,
,,,
,,,
,,,
,,,
,,,
,,,
,,,
,,,
,,,
,,,
,,,
,,,
,,,
,,,
,,,
,,,
,,,
,,,
,,,
,,,
,,,
,,,
,,,
,,,
,,,
,,,
,,,
,,,
,,,
,,,
,,,
,,,
,,,
,,,
,,,
,,,
,,,
,,,
,,,
,,,
,,,
,,,
,,,
,,,
,,,
,,,
,,,
,,,
,,,
,,,
,,,
,,,
,,,
,,,
,,,
,,,
,,,
,,,
,,,
,,,
,,,
,,,
,,,
,,,
,,,
,,,
,,,
,,,
,,,
,,,
,,,
,,,
,,,
,,,
,,,
,,,
,,,
,,,
,,,
,,,
,,,
,,,
,,,
,,,
,,,
,,,
,,,
,,,
,,,
,,,
,,,
,,,
,,,
,,,
,,,
,,,
,,,
,,,
,,,
,,,
,,,
,,,
,,,
,,,
,,,
,,,
,,,
,,,
,,,
,,,
,,,
,,,
,,,
,,,
,,,
,,,
,,,
,,,
,,,
,,,
,,,
,,,
,,,
,,,
,,,
,,,
,,,
,,,
,,,
,,,
,,,
,,,
,,,
,,,
,,,
,,,
,,,
,,,
,,,
,,,
,,,
,,,
,,,
,,,
,,,
,,,
,,,
,,,
,,,
,,,
,,,
,,,
,,,
,,,
,,,
,,,
,,,
,,,
,,,
,,,
,,,
,,,
,,,
,,,
,,,
,,,
,,,
,,,
,,,
,,,
,,,
,,,
,,,
,,,
,,,
,,,
,,,
,,,
,,,
,,,
,,,
,,,
,,,
,,,
,,,
,,,
,,,
,,,
,,,
,,,
,,,
,,,
,,,
,,,
,,,
,,,
,,,
,,,
,,,
,,,
,,,
,,,
,,,
,,,
,,,
,,,
,,,
,,,
,,,
,,,
,,,
,,,
,,,
,,,
,,,
,,,
,,,
,,,
,,,
,,,
,,,
,,,
,,,
,,,
,,,
,,,
,,,
,,,
,,,
,,,
,,,
,,,
,,,
,,,
,,,
,,,
,,,
,,,
,,,
,,,
,,,
,,,
,,,
,,,
,,,
,,,
,,,
,,,
,,,
,,,
,,,
,,,
,,,
,,,
,,,
,,,
,,,
,,,
,,,
,,,
,,,
,,,
,,,
,,,
,,,
,,,
,,,
,,,
,,,
,,,
,,,
,,,
,,,
,,,
,,,
,,,
,,,
,,,
,,,
,,,
,,,
,,,
,,,
,,,
,,,
,,,
,,,
,,,
,,,
,,,
,,,
,,,
,,,
,,,
,,,
,,,
,,,
,,,
,,,
,,,
,,,
,,,
,,,
,,,
,,,
,,,
,,,
,,,
,,,
,,,
,,,
,,,
,,,
,,,
,,,
,,,
,,,
,,,
,,,
,,,
,,,
,,,
,,,
,,,
,,,
,,,
,,,
,,,
,,,
,,,
,,,
,,,
,,,
,,,
,,,
,,,
,,,
,,,
,,,
,,,
,,,
,,,
,,,
,,,
,,,
,,,
,,,
,,,
,,,
,,,
,,,
,,,
,,,
,,,
,,,
,,,
,,,
,,,
,,,
,,,
,,,
,,,
,,,
,,,
,,,
,,,
,,,
,,,
,,,
,,,
,,,
,,,
,,,
,,,
,,,
,,,
,,,
,,,
,,,
,,,
,,,
,,,
,,,
,,,
,,,
,,,
,,,
,,,
,,,
,,,
